{
    "Both": {
        "Smartphone": 0,
        "Ordinateur": 7579.330000000001
    },
    "Tarik": {
        "Smartphone": 6279.009999999994,
        "Ordinateur": 10452.599999999988
    },
    "Hana": {
        "Smartphone": 38598.45999999985,
        "Ordinateur": 220.29
    }
}