{
    "Both": {
        "Blacklist": 5658.816666666667,
        "Las Vegas 21": 121.83333333333331,
        "Coco": 89.51666666666667,
        "Passengers": 107.46666666666667,
        "Ted": 100.26666666666667,
        "Le Smoking": 34.416666666666664,
        "À la recherche du bonheur": 113.03333333333335,
        "Amis publics": 90.23333333333333,
        "L'accusé": 100.11666666666667,
        "Supergirl": 5.183333333333334,
        "Man of Steel": 134.03333333333333,
        "Hancock": 88.98333333333333,
        "13 Reasons Why": 887.8333333333333
    },
    "Hana": {
        "Another Life": 265.73333333333335,
        "Un plan parfait": 203.7,
        "Locke & Key": 903.4999999999999,
        "Squid Game": 468.81666666666666,
        "Tiny Pretty Things": 572.0166666666668,
        "Supergirl": 3865.9666666666662,
        "La casa de papel": 608.6499999999999,
        "Shadowhunters": 2291.8666666666663,
        "Shadow and Bone ": 400.93333333333334,
        "Les chroniques de Shannara": 823.8166666666667,
        "Le Monde secret des Emojis": 191.06666666666666,
        "A Christmas Prince": 265.1166666666667,
        "Rampage - Hors de contrôle": 104.55,
        "Stardust, le mystère de l'étoile": 122.53333333333333,
        "H2O": 55.53333333333333,
        "Blanche-Neige et le Chasseur": 117.11666666666667,
        "Le Chasseur et la Reine des glaces": 105.9,
        "The Haunting of Hill House": 45.266666666666666,
        "L'Attaque des Titans": 1196.633333333333,
        "Comment je suis devenu super-héros": 98.65,
        "Chouchou": 104.3,
        "Alta mar": 922.1500000000002,
        "Twilight - Chapitre 5 ": 98.91666666666667,
        "Twilight - chapitre 4 ": 97.3,
        "Twilight - chapitre 3 ": 111.23333333333333,
        "Twilight - chapitre 2 ": 121.51666666666665,
        "Twilight - chapitre 1 ": 112.88333333333333,
        "Ragnarök": 564.9333333333334,
        "Coco": 58.333333333333336,
        "Team USA ": 21.583333333333332,
        "Qui a tué Sara ?": 8.95,
        "ariana grande": 4.5,
        "Miss Americana": 17.933333333333334,
        "Les 100": 3596.0833333333326,
        "Wonder Woman": 146.6,
        "The One": 335.1833333333334,
        "Erased": 253.98333333333335,
        "Jamais froid aux yeux": 276.79999999999995,
        "Hunter X Hunter (2011)": 2850.416666666666,
        "Angel Beats !": 8.366666666666667,
        "La Cité invisible": 229.71666666666667,
        "Le Tigre blanc": 123.64999999999999,
        "Saint Seiya - Les Chevaliers du Zodiaque ": 149.36666666666667,
        "Winx Club": 21.9,
        "Miss Détective": 109.01666666666667,
        "Destin ": 304.06666666666666,
        "Pitch Perfect 3": 87.1,
        "Les nouvelles aventures de Sabrina": 2003.7499999999995,
        "Sugar Rush ": 420.83333333333337,
        "Spinning Out": 477.6833333333334,
        "Ostra": 9.5,
        "La Princesse de Chicago ": 94.0,
        "Murder": 3844.9666666666667,
        "Le jeu de la dame": 387.46666666666664,
        "Tout le monde à table": 527.8666666666667,
        "The Haunting of Bly Manor": 478.5666666666666,
        "Emily in Paris": 282.03333333333336,
        "Mets et merveilles": 46.983333333333334,
        "L'alchimie de Noël": 9.5,
        "Comme Cendrillon ": 83.03333333333333,
        "Sugar Rush": 1049.3166666666666,
        "La Princesse de Chicago": 97.60000000000001,
        "Le Nouveau stagiaire": 120.75,
        "Zumbo's Just Desserts": 1074.6999999999996,
        "Burlesque": 114.73333333333333,
        "Le dernier jour de ma vie": 16.416666666666668,
        "Cursed ": 543.9833333333333,
        "Next in Fashion": 449.16666666666663,
        "Work It": 86.48333333333333,
        "The Protector": 1241.2166666666672,
        "I Am Mother": 44.483333333333334,
        "Bébé mode d'emploi": 10.95,
        "Boys Over Flowers": 3.3833333333333333,
        "Comme des Bêtes": 9.2,
        "iBOY": 88.18333333333334,
        "Parcours sans faute": 27.683333333333334,
        "Dark": 441.46666666666664,
        "Raising the Bar": 94.33333333333333,
        "Albion": 29.833333333333336,
        "Les sirènes de Mako": 22.616666666666667,
        "Le cerveau, en bref": 18.55,
        "Salt": 42.733333333333334,
        "Battle": 94.91666666666667,
        "Murder Mystery": 90.26666666666667,
        "Mowgli ": 78.18333333333334,
        "Voyage au centre de la Terre 2 ": 75.26666666666667,
        "Insatiable": 442.28333333333336
    },
    "Tarik": {
        "Formula 1 ": 2396.083333333334,
        "Schumacher": 167.5,
        "La casa de papel": 659.7666666666669,
        "The Amazing Spider-Man": 124.63333333333333,
        "Élite": 1266.1833333333332,
        "Mohamed Dubois": 91.91666666666667,
        "The Imitation Game": 110.48333333333333,
        "Black Mirror": 284.78333333333336,
        "24 Heures chrono": 123.6,
        "L'Art de l'espionnage": 28.216666666666665,
        "House of Cards": 3264.95,
        "Lupin": 223.26666666666668,
        "Very Bad Trip 2": 97.31666666666666,
        "Very Bad Trip": 96.53333333333333,
        "Chambre 2806": 187.33333333333334,
        "Le jeu de la dame": 11.733333333333333,
        "Maradona au Mexique": 224.44999999999996,
        "Sully": 89.53333333333333,
        "The Final Year": 13.75,
        "Designated Survivor": 2498.083333333333,
        "Le Nouveau stagiaire": 115.51666666666665,
        "Narcos": 358.7833333333333,
        "Jeffrey Epstein ": 27.983333333333334,
        "The Last Dance": 548.35,
        "Anelka ": 93.63333333333334,
        "Merci patron!": 81.78333333333333,
        "Les Evadés": 138.18333333333334,
        "Snowden": 130.65,
        "Breaking Bad": 2979.433333333333,
        "13 Novembre ": 158.73333333333332
    }
}