{
    "Both": {
        "Blacklist": 5658.81,
        "Las Vegas 21": 121.83,
        "Coco": 89.51,
        "Passengers": 107.47,
        "Ted": 100.27000000000001,
        "Le Smoking": 34.42,
        "À la recherche du bonheur": 113.04,
        "Amis publics": 90.23,
        "L'accusé": 100.12,
        "Supergirl": 5.18,
        "Man of Steel": 134.03,
        "Hancock": 88.99000000000001,
        "13 Reasons Why": 887.8199999999998
    },
    "Hana": {
        "Another Life": 265.73,
        "Un plan parfait": 203.7,
        "Locke & Key": 903.5199999999999,
        "Squid Game": 468.81,
        "Tiny Pretty Things": 572.0200000000001,
        "Supergirl": 3865.9400000000005,
        "La casa de papel": 608.63,
        "Shadowhunters": 2291.82,
        "Shadow and Bone ": 400.95,
        "Les chroniques de Shannara": 823.8000000000001,
        "Le Monde secret des Emojis": 191.05,
        "A Christmas Prince": 265.12,
        "Rampage - Hors de contrôle": 104.56,
        "Stardust, le mystère de l'étoile": 122.53,
        "H2O": 55.54,
        "Blanche-Neige et le Chasseur": 117.10999999999999,
        "Le Chasseur et la Reine des glaces": 105.9,
        "The Haunting of Hill House": 45.26,
        "L'Attaque des Titans": 1196.6799999999998,
        "Comment je suis devenu super-héros": 98.64,
        "Chouchou": 104.31,
        "Alta mar": 922.1800000000003,
        "Twilight - Chapitre 5 ": 98.91000000000001,
        "Twilight - chapitre 4 ": 97.3,
        "Twilight - chapitre 3 ": 111.24,
        "Twilight - chapitre 2 ": 121.52,
        "Twilight - chapitre 1 ": 112.88999999999999,
        "Ragnarök": 564.9400000000002,
        "Coco": 58.33,
        "Team USA ": 21.58,
        "Qui a tué Sara ?": 8.95,
        "ariana grande": 4.5,
        "Miss Americana": 17.93,
        "Les 100": 3596.039999999999,
        "Wonder Woman": 146.6,
        "The One": 335.18,
        "Erased": 253.99,
        "Jamais froid aux yeux": 276.81,
        "Hunter X Hunter (2011)": 2850.4599999999996,
        "Angel Beats !": 8.37,
        "La Cité invisible": 229.71,
        "Le Tigre blanc": 123.64999999999999,
        "Saint Seiya - Les Chevaliers du Zodiaque ": 149.35999999999999,
        "Winx Club": 21.9,
        "Miss Détective": 109.01999999999998,
        "Destin ": 304.07,
        "Pitch Perfect 3": 87.1,
        "Les nouvelles aventures de Sabrina": 2003.7699999999995,
        "Sugar Rush ": 420.84999999999997,
        "Spinning Out": 477.66999999999996,
        "Ostra": 9.5,
        "La Princesse de Chicago ": 94.0,
        "Murder": 3844.9799999999987,
        "Le jeu de la dame": 387.47999999999996,
        "Tout le monde à table": 527.86,
        "The Haunting of Bly Manor": 478.55999999999995,
        "Emily in Paris": 282.05,
        "Mets et merveilles": 46.989999999999995,
        "L'alchimie de Noël": 9.5,
        "Comme Cendrillon ": 83.04,
        "Sugar Rush": 1049.34,
        "La Princesse de Chicago": 97.60000000000001,
        "Le Nouveau stagiaire": 120.75,
        "Zumbo's Just Desserts": 1074.6999999999996,
        "Burlesque": 114.73,
        "Le dernier jour de ma vie": 16.42,
        "Cursed ": 543.99,
        "Next in Fashion": 449.18999999999994,
        "Work It": 86.48,
        "The Protector": 1241.2200000000005,
        "I Am Mother": 44.48,
        "Bébé mode d'emploi": 10.95,
        "Boys Over Flowers": 3.38,
        "Comme des Bêtes": 9.2,
        "iBOY": 88.18,
        "Parcours sans faute": 27.689999999999998,
        "Dark": 441.46,
        "Raising the Bar": 94.33999999999999,
        "Albion": 29.84,
        "Les sirènes de Mako": 22.61,
        "Le cerveau, en bref": 18.55,
        "Salt": 42.73,
        "Battle": 94.92,
        "Murder Mystery": 90.25999999999999,
        "Mowgli ": 78.19,
        "Voyage au centre de la Terre 2 ": 75.27000000000001,
        "Insatiable": 442.28000000000003
    },
    "Tarik": {
        "Formula 1 ": 2396.139999999999,
        "Schumacher": 167.5,
        "La casa de papel": 659.7800000000001,
        "The Amazing Spider-Man": 124.63,
        "Élite": 1266.1999999999998,
        "Mohamed Dubois": 91.92,
        "The Imitation Game": 110.48,
        "Black Mirror": 284.8,
        "24 Heures chrono": 123.6,
        "L'Art de l'espionnage": 28.22,
        "House of Cards": 3264.9900000000007,
        "Lupin": 223.27,
        "Very Bad Trip 2": 97.32,
        "Very Bad Trip": 96.53,
        "Chambre 2806": 187.32,
        "Le jeu de la dame": 11.73,
        "Maradona au Mexique": 224.45999999999998,
        "Sully": 89.53,
        "The Final Year": 13.75,
        "Designated Survivor": 2498.0799999999995,
        "Le Nouveau stagiaire": 115.50999999999999,
        "Narcos": 358.77,
        "Jeffrey Epstein ": 27.98,
        "The Last Dance": 548.36,
        "Anelka ": 93.63,
        "Merci patron!": 81.78,
        "Les Evadés": 138.18,
        "Snowden": 130.65,
        "Breaking Bad": 2979.49,
        "13 Novembre ": 158.73
    }
}