{
    "Both": {
        "0": 0,
        "1": 0,
        "2": 0,
        "3": 0,
        "4": 0,
        "5": 0,
        "6": 0,
        "7": 368.29999999999995,
        "8": 236.88,
        "9": 175.71,
        "10": 106.93,
        "11": 228.2,
        "12": 272.76,
        "13": 0,
        "14": 65.05,
        "15": 0,
        "16": 155.5,
        "17": 123.16,
        "18": 0,
        "19": 132.76000000000002,
        "20": 128.56,
        "21": 125.76,
        "22": 43.38,
        "23": 0,
        "24": 105.40999999999998,
        "25": 190.02000000000004,
        "26": 0,
        "27": 143.85,
        "28": 31.82,
        "29": 54.64,
        "30": 88.48,
        "31": 0,
        "32": 0,
        "33": 0,
        "34": 0,
        "35": 52.0,
        "36": 35.13,
        "37": 127.77000000000001,
        "38": 312.47,
        "39": 169.79999999999998,
        "40": 170.69,
        "41": 51.32,
        "42": 246.97,
        "43": 0,
        "44": 123.85,
        "45": 194.07999999999998,
        "46": 0,
        "47": 53.800000000000004,
        "48": 0,
        "49": 241.23,
        "50": 9.98,
        "51": 76.55,
        "52": 139.6,
        "53": 0,
        "54": 0,
        "55": 0,
        "56": 110.85,
        "57": 82.39,
        "58": 133.66,
        "59": 146.01999999999998,
        "60": 95.65999999999998,
        "61": 229.53,
        "62": 325.19000000000005,
        "63": 326.37,
        "64": 227.35000000000002,
        "65": 125.78,
        "66": 0,
        "67": 0,
        "68": 437.09000000000003,
        "69": 0,
        "70": 79.02,
        "71": 0,
        "72": 0,
        "73": 112.73,
        "74": 21.82,
        "75": 0,
        "76": 42.41,
        "77": 0,
        "78": 42.68,
        "79": 0,
        "80": 42.35,
        "81": 35.150000000000006,
        "82": 49.14,
        "83": 84.12,
        "84": 0
    },
    "Hana": {
        "0": 218.71999999999997,
        "1": 718.1400000000002,
        "2": 518.64,
        "3": 458.41,
        "4": 961.2800000000001,
        "5": 783.55,
        "6": 267.86,
        "7": 324.29,
        "8": 600.35,
        "9": 681.0099999999999,
        "10": 759.8100000000001,
        "11": 114.50999999999999,
        "12": 745.74,
        "13": 647.0,
        "14": 495.22,
        "15": 426.73,
        "16": 105.07000000000001,
        "17": 518.17,
        "18": 1037.74,
        "19": 827.96,
        "20": 826.51,
        "21": 236.34,
        "22": 285.6,
        "23": 272.09000000000003,
        "24": 234.44000000000003,
        "25": 218.41000000000003,
        "26": 282.05,
        "27": 512.1099999999999,
        "28": 112.44,
        "29": 355.53999999999996,
        "30": 441.06999999999994,
        "31": 637.6999999999999,
        "32": 600.5100000000001,
        "33": 591.92,
        "34": 607.4100000000001,
        "35": 936.1999999999998,
        "36": 1285.9500000000003,
        "37": 706.9,
        "38": 525.4000000000001,
        "39": 741.9300000000001,
        "40": 505.47999999999996,
        "41": 347.82,
        "42": 878.6800000000002,
        "43": 137.22,
        "44": 827.5899999999998,
        "45": 390.15,
        "46": 374.82000000000005,
        "47": 752.8899999999999,
        "48": 748.22,
        "49": 191.79999999999998,
        "50": 590.9800000000001,
        "51": 611.94,
        "52": 372.45,
        "53": 83.53999999999999,
        "54": 0,
        "55": 0,
        "56": 63.480000000000004,
        "57": 118.69,
        "58": 253.73000000000002,
        "59": 96.53,
        "60": 415.5200000000001,
        "61": 85.52000000000001,
        "62": 134.15,
        "63": 87.1,
        "64": 458.88,
        "65": 602.6800000000001,
        "66": 628.4999999999999,
        "67": 168.03,
        "68": 19.0,
        "69": 85.56,
        "70": 584.86,
        "71": 511.8700000000001,
        "72": 297.2,
        "73": 306.49,
        "74": 719.1900000000003,
        "75": 577.17,
        "76": 543.4599999999999,
        "77": 491.7,
        "78": 372.96999999999997,
        "79": 477.5000000000001,
        "80": 612.12,
        "81": 139.9,
        "82": 435.71000000000004,
        "83": 432.01,
        "84": 365.33
    },
    "Tarik": {
        "0": 904.68,
        "1": 1491.2200000000005,
        "2": 168.03000000000003,
        "3": 560.25,
        "4": 341.97,
        "5": 1205.6599999999996,
        "6": 879.08,
        "7": 270.45,
        "8": 309.7,
        "9": 0,
        "10": 0,
        "11": 159.55,
        "12": 0,
        "13": 0,
        "14": 346.01,
        "15": 309.17999999999995,
        "16": 33.04,
        "17": 529.94,
        "18": 15.35,
        "19": 15.18,
        "20": 0,
        "21": 0,
        "22": 0,
        "23": 261.57,
        "24": 74.45,
        "25": 138.79999999999998,
        "26": 371.29,
        "27": 505.32000000000005,
        "28": 294.91,
        "29": 579.9699999999999,
        "30": 393.47999999999996,
        "31": 443.29999999999995,
        "32": 89.53,
        "33": 224.45999999999998,
        "34": 11.73,
        "35": 0,
        "36": 187.32,
        "37": 193.85,
        "38": 0,
        "39": 0,
        "40": 0,
        "41": 312.51,
        "42": 295.88,
        "43": 122.69,
        "44": 179.76,
        "45": 0,
        "46": 54.82,
        "47": 0,
        "48": 0,
        "49": 128.71999999999997,
        "50": 0,
        "51": 237.28,
        "52": 26.23,
        "53": 0,
        "54": 0,
        "55": 0,
        "56": 0,
        "57": 0,
        "58": 61.45,
        "59": 304.68999999999994,
        "60": 321.46000000000004,
        "61": 136.25,
        "62": 124.33999999999999,
        "63": 134.85,
        "64": 0,
        "65": 0,
        "66": 0,
        "67": 46.82,
        "68": 272.84999999999997,
        "69": 127.48,
        "70": 482.49,
        "71": 942.6500000000001,
        "72": 151.79999999999998,
        "73": 254.61,
        "74": 387.8,
        "75": 167.5,
        "76": 0,
        "77": 0,
        "78": 0,
        "79": 0,
        "80": 0,
        "81": 0,
        "82": 0,
        "83": 0,
        "84": 9.13
    }
}