{
    "Both": {
        "0": 0,
        "1": 0,
        "2": 0,
        "3": 0,
        "4": 0,
        "5": 0,
        "6": 0,
        "7": 368.29999999999995,
        "8": 236.88333333333333,
        "9": 175.71666666666667,
        "10": 106.93333333333334,
        "11": 228.2,
        "12": 272.75,
        "13": 0,
        "14": 65.05,
        "15": 0,
        "16": 155.48333333333335,
        "17": 123.16666666666666,
        "18": 0,
        "19": 132.76666666666668,
        "20": 128.56666666666666,
        "21": 125.75,
        "22": 43.38333333333333,
        "23": 0,
        "24": 105.39999999999999,
        "25": 190.01666666666665,
        "26": 0,
        "27": 143.85,
        "28": 31.816666666666666,
        "29": 54.63333333333333,
        "30": 88.48333333333333,
        "31": 0,
        "32": 0,
        "33": 0,
        "34": 0,
        "35": 52.0,
        "36": 35.13333333333333,
        "37": 127.76666666666668,
        "38": 312.4666666666667,
        "39": 169.81666666666666,
        "40": 170.70000000000002,
        "41": 51.31666666666667,
        "42": 246.96666666666667,
        "43": 0,
        "44": 123.85000000000001,
        "45": 194.08333333333331,
        "46": 0,
        "47": 53.8,
        "48": 0,
        "49": 241.23333333333335,
        "50": 9.983333333333333,
        "51": 76.55000000000001,
        "52": 139.60000000000002,
        "53": 0,
        "54": 0,
        "55": 0,
        "56": 110.85000000000001,
        "57": 82.39999999999999,
        "58": 133.66666666666666,
        "59": 146.01666666666668,
        "60": 95.66666666666667,
        "61": 229.51666666666665,
        "62": 325.2,
        "63": 326.3666666666666,
        "64": 227.35000000000002,
        "65": 125.78333333333333,
        "66": 0,
        "67": 0,
        "68": 437.08333333333337,
        "69": 0,
        "70": 79.01666666666667,
        "71": 0,
        "72": 0,
        "73": 112.71666666666665,
        "74": 21.816666666666666,
        "75": 0,
        "76": 42.41666666666667,
        "77": 0,
        "78": 42.68333333333334,
        "79": 0,
        "80": 42.35,
        "81": 35.150000000000006,
        "82": 49.150000000000006,
        "83": 84.11666666666667,
        "84": 0
    },
    "Hana": {
        "0": 218.73333333333332,
        "1": 718.1333333333334,
        "2": 518.6333333333333,
        "3": 458.41666666666663,
        "4": 961.2833333333334,
        "5": 783.5333333333333,
        "6": 267.8666666666667,
        "7": 324.28333333333336,
        "8": 600.3666666666667,
        "9": 681.0166666666665,
        "10": 759.85,
        "11": 114.51666666666668,
        "12": 745.7166666666667,
        "13": 646.9999999999999,
        "14": 495.23333333333335,
        "15": 426.73333333333335,
        "16": 105.06666666666666,
        "17": 518.1500000000001,
        "18": 1037.7166666666665,
        "19": 827.9333333333334,
        "20": 826.5166666666667,
        "21": 236.33333333333331,
        "22": 285.58333333333326,
        "23": 272.1000000000001,
        "24": 234.43333333333334,
        "25": 218.40000000000003,
        "26": 282.03333333333336,
        "27": 512.1166666666666,
        "28": 112.44999999999999,
        "29": 355.55,
        "30": 441.06666666666666,
        "31": 637.6999999999999,
        "32": 600.5,
        "33": 591.9333333333333,
        "34": 607.4000000000001,
        "35": 936.183333333333,
        "36": 1285.9500000000003,
        "37": 706.9166666666666,
        "38": 525.3833333333334,
        "39": 741.9166666666666,
        "40": 505.4833333333333,
        "41": 347.8166666666666,
        "42": 878.6500000000002,
        "43": 137.21666666666667,
        "44": 827.5833333333331,
        "45": 390.1333333333333,
        "46": 374.8,
        "47": 752.8999999999997,
        "48": 748.2166666666666,
        "49": 191.8,
        "50": 590.9666666666668,
        "51": 611.9666666666668,
        "52": 372.45,
        "53": 83.55000000000001,
        "54": 0,
        "55": 0,
        "56": 63.483333333333334,
        "57": 118.68333333333334,
        "58": 253.71666666666667,
        "59": 96.51666666666667,
        "60": 415.53333333333336,
        "61": 85.51666666666667,
        "62": 134.14999999999998,
        "63": 87.08333333333333,
        "64": 458.8666666666667,
        "65": 602.6666666666667,
        "66": 628.4999999999999,
        "67": 168.03333333333333,
        "68": 19.0,
        "69": 85.55,
        "70": 584.8833333333333,
        "71": 511.86666666666673,
        "72": 297.18333333333334,
        "73": 306.50000000000006,
        "74": 719.2166666666669,
        "75": 577.1833333333334,
        "76": 543.4666666666667,
        "77": 491.7,
        "78": 372.9833333333333,
        "79": 477.51666666666677,
        "80": 612.1166666666667,
        "81": 139.9,
        "82": 435.68333333333334,
        "83": 432.0166666666667,
        "84": 365.3333333333333
    },
    "Tarik": {
        "0": 904.6833333333333,
        "1": 1491.2000000000003,
        "2": 168.03333333333333,
        "3": 560.2500000000001,
        "4": 341.9666666666667,
        "5": 1205.6499999999996,
        "6": 879.0333333333334,
        "7": 270.45,
        "8": 309.7,
        "9": 0,
        "10": 0,
        "11": 159.55,
        "12": 0,
        "13": 0,
        "14": 346.0166666666666,
        "15": 309.18333333333334,
        "16": 33.03333333333333,
        "17": 529.95,
        "18": 15.35,
        "19": 15.183333333333334,
        "20": 0,
        "21": 0,
        "22": 0,
        "23": 261.56666666666666,
        "24": 74.44999999999999,
        "25": 138.79999999999998,
        "26": 371.29999999999995,
        "27": 505.33333333333337,
        "28": 294.9,
        "29": 579.9666666666667,
        "30": 393.48333333333335,
        "31": 443.29999999999995,
        "32": 89.53333333333333,
        "33": 224.44999999999996,
        "34": 11.733333333333333,
        "35": 0,
        "36": 187.33333333333334,
        "37": 193.85,
        "38": 0,
        "39": 0,
        "40": 0,
        "41": 312.5,
        "42": 295.8666666666666,
        "43": 122.68333333333334,
        "44": 179.75,
        "45": 0,
        "46": 54.81666666666666,
        "47": 0,
        "48": 0,
        "49": 128.71666666666664,
        "50": 0,
        "51": 237.26666666666668,
        "52": 26.233333333333334,
        "53": 0,
        "54": 0,
        "55": 0,
        "56": 0,
        "57": 0,
        "58": 61.45,
        "59": 304.68333333333334,
        "60": 321.4333333333334,
        "61": 136.25,
        "62": 124.33333333333334,
        "63": 134.85,
        "64": 0,
        "65": 0,
        "66": 0,
        "67": 46.81666666666667,
        "68": 272.8333333333333,
        "69": 127.48333333333333,
        "70": 482.50000000000006,
        "71": 942.6333333333334,
        "72": 151.79999999999998,
        "73": 254.61666666666665,
        "74": 387.7833333333334,
        "75": 167.5,
        "76": 0,
        "77": 0,
        "78": 0,
        "79": 0,
        "80": 0,
        "81": 0,
        "82": 0,
        "83": 0,
        "84": 9.133333333333333
    }
}